epoch,pod,cpu_percent
1786136475,"redis-cluster-0",0.20249849358705643
1786136480,"redis-cluster-0",0.19777133633025845
1786136485,"redis-cluster-0",0.20275025547586314
1786136490,"redis-cluster-0",0.20275025547586314
1786136495,"redis-cluster-0",0.1684505359143809
1786136500,"redis-cluster-0",0.20376991516654247
1786136505,"redis-cluster-0",0.20376991516654247
1786136510,"redis-cluster-0",0.19362331980523817
1786136515,"redis-cluster-0",0.23300817359146161
1786136520,"redis-cluster-0",0.23300817359146161
1786136525,"redis-cluster-0",0.2560985664761333
1786136530,"redis-cluster-0",0.27669824727633857
1786136535,"redis-cluster-0",0.27669824727633857
1786136540,"redis-cluster-0",0.2246330733028059
1786136545,"redis-cluster-0",0.27008004217796333
1786136550,"redis-cluster-0",0.2580666206155843
1786136555,"redis-cluster-0",0.2580666206155843
1786136560,"redis-cluster-0",0.2390103735450916
1786136565,"redis-cluster-0",0.20320396391721973
1786136570,"redis-cluster-0",0.19554351478499712
1786136575,"redis-cluster-0",0.19554351478499712
1786136580,"redis-cluster-0",0.19554351478499712
1786136585,"redis-cluster-0",0.19768241556362598
1786136590,"redis-cluster-0",0.19768241556362598
1786136595,"redis-cluster-0",0.19768241556362598
1786136600,"redis-cluster-0",0.19253980509587143
1786136605,"redis-cluster-0",0.19253980509587143
1786136610,"redis-cluster-0",0.15926501691621825
1786136615,"redis-cluster-0",0.15946529135463272
1786136620,"redis-cluster-0",0.19720090668997195
1786136625,"redis-cluster-0",0.19720090668997195
1786136630,"redis-cluster-0",0.19679244199404786
1786136635,"redis-cluster-0",0.19587060086238878
1786136640,"redis-cluster-0",0.19587060086238878
1786136645,"redis-cluster-0",0.19833315439124777
1786136650,"redis-cluster-0",0.19833315439124777
1786136655,"redis-cluster-0",0.19529183627109184
1786136660,"redis-cluster-0",0.19176857949177908
1786136665,"redis-cluster-0",0.19176857949177908
1786136670,"redis-cluster-0",0.19176857949177908
1786136675,"redis-cluster-0",0.19407402150380978
1786136680,"redis-cluster-0",0.19405446571600013
1786136685,"redis-cluster-0",0.19617940860419011
1786136690,"redis-cluster-0",0.19617940860419011
1786136695,"redis-cluster-0",0.16120320399313018
1786136700,"redis-cluster-0",0.19758520767214593
1786136705,"redis-cluster-0",0.19758520767214593
1786136710,"redis-cluster-0",0.19758520767214593
1786136715,"redis-cluster-0",0.12478999999984809
1786136720,"redis-cluster-0",0.19642219926751045
1786136725,"redis-cluster-0",0.19642219926751045
1786136730,"redis-cluster-0",0.1991588041376655
1786136735,"redis-cluster-0",0.19805944787841642
1786136740,"redis-cluster-0",0.19805944787841642
1786136745,"redis-cluster-0",0.27910965587538544
1786136750,"redis-cluster-0",0.27910965587538544
1786136755,"redis-cluster-0",0.27910965587538544
1786136760,"redis-cluster-0",0.28007185283995184
1786136765,"redis-cluster-0",0.5242965210522577
1786136770,"redis-cluster-0",0.5242965210522577
1786136775,"redis-cluster-0",0.5242965210522577
1786136780,"redis-cluster-0",0.6435083450557098
1786136785,"redis-cluster-0",0.6435083450557098
1786136790,"redis-cluster-0",0.7821355842161515
1786136795,"redis-cluster-0",0.7689490635809892
1786136800,"redis-cluster-0",0.7689490635809892
1786136805,"redis-cluster-0",0.6105486459574186
1786136810,"redis-cluster-0",0.7380423944161684
1786136815,"redis-cluster-0",0.7476958525347657
1786136820,"redis-cluster-0",0.7476958525347657
1786136825,"redis-cluster-0",0.7354211988714526
1786136830,"redis-cluster-0",0.7354211988714526
1786136835,"redis-cluster-0",0.7354211988714526
1786136840,"redis-cluster-0",0.7258371843448287
1786136845,"redis-cluster-0",0.7258371843448287
1786136850,"redis-cluster-0",0.7258371843448287
1786136855,"redis-cluster-0",0.7029440154438458
1786136860,"redis-cluster-0",0.7292912757874629
1786136865,"redis-cluster-0",0.7292912757874629
1786136870,"redis-cluster-0",0.7296679491178223
1786136875,"redis-cluster-0",0.7416476849867581
1786136880,"redis-cluster-0",0.7416476849867581
1786136885,"redis-cluster-0",0.7524609554156266
1786136890,"redis-cluster-0",0.7524609554156266
1786136895,"redis-cluster-0",0.7524609554156266
1786136900,"redis-cluster-0",0.5976786257199759
1786136905,"redis-cluster-0",0.7460284566201638
1786136910,"redis-cluster-0",0.7501378015656261
1786136915,"redis-cluster-0",0.7501378015656261
1786136920,"redis-cluster-0",0.754831455058704
1786136925,"redis-cluster-0",0.6323956962941403
1786136930,"redis-cluster-0",0.754681807529089
1786136935,"redis-cluster-0",0.754681807529089
1786136940,"redis-cluster-0",0.754681807529089
1786136945,"redis-cluster-0",0.7508275109675829
1786136950,"redis-cluster-0",0.7508275109675829
1786136955,"redis-cluster-0",0.7508275109675829
1786136960,"redis-cluster-0",0.7448253468465489
1786136965,"redis-cluster-0",0.7448253468465489
1786136970,"redis-cluster-0",0.6139891846363081
1786136975,"redis-cluster-0",0.7438076353387143
1786136980,"redis-cluster-0",0.7438076353387143
1786136985,"redis-cluster-0",0.7507176181488701
1786136990,"redis-cluster-0",0.7524345955448822
1786136995,"redis-cluster-0",0.7524345955448822
1786137000,"redis-cluster-0",0.7524345955448822
1786137005,"redis-cluster-0",0.7571578515035894
1786137010,"redis-cluster-0",0.7571578515035894
1786137015,"redis-cluster-0",0.7571578515035894
1786137020,"redis-cluster-0",0.7612700712300966
1786137025,"redis-cluster-0",0.7698382399244798
1786137030,"redis-cluster-0",0.7698382399244798
1786137035,"redis-cluster-0",0.7647095831472892
1786137040,"redis-cluster-0",0.7647095831472892
1786137045,"redis-cluster-0",0.6347378137660776
1786137050,"redis-cluster-0",0.7741506476743474
1786137055,"redis-cluster-0",0.7741506476743474
1786137060,"redis-cluster-0",0.7741506476743474
1786137065,"redis-cluster-0",0.6394452719932249
1786137070,"redis-cluster-0",0.7573972741549566
1786137075,"redis-cluster-0",0.6561080120246339
1786137080,"redis-cluster-0",0.7621605053893116
1786137085,"redis-cluster-0",0.7651830581479817
1786137090,"redis-cluster-0",0.7651830581479817
1786137095,"redis-cluster-0",0.7715670720960103
1786137100,"redis-cluster-0",0.7715670720960103
1786137105,"redis-cluster-0",0.7761867170069732
1786137110,"redis-cluster-0",0.7870128994560653
1786137115,"redis-cluster-0",0.7870128994560653
1786137120,"redis-cluster-0",0.7810898622941731
1786137125,"redis-cluster-0",0.7854840718322532
1786137130,"redis-cluster-0",0.7854840718322532
1786137135,"redis-cluster-0",0.6740827933446439
1786137140,"redis-cluster-0",0.7756033215118955
1786137145,"redis-cluster-0",0.7756033215118955
1786137150,"redis-cluster-0",0.7756033215118955
1786137155,"redis-cluster-0",0.7690928712754094
1786137160,"redis-cluster-0",0.766679164857726
1786137165,"redis-cluster-0",0.7680430528375155
1786137170,"redis-cluster-0",0.7680430528375155
1786137175,"redis-cluster-0",0.7689175635537576
1786137180,"redis-cluster-0",0.7662823430763505
1786137185,"redis-cluster-0",0.7662823430763505
1786137190,"redis-cluster-0",0.7718017132425535
1786137195,"redis-cluster-0",0.7718017132425535
1786137200,"redis-cluster-0",0.7770034736099799
1786137205,"redis-cluster-0",0.7693447247196105
1786137210,"redis-cluster-0",0.7693447247196104
1786137215,"redis-cluster-0",0.7693447247196104
1786137220,"redis-cluster-0",0.7686093792355068
1786137225,"redis-cluster-0",0.7633776316569503
1786137230,"redis-cluster-0",0.7633776316569503
1786137235,"redis-cluster-0",0.7538899988246269
1786137240,"redis-cluster-0",0.750023843586167
1786137245,"redis-cluster-0",0.750023843586167
1786137250,"redis-cluster-0",0.7507542742206177
1786137255,"redis-cluster-0",0.7507542742206176
1786137260,"redis-cluster-0",0.7439799361604372
1786137265,"redis-cluster-0",0.6055430064088977
1786137270,"redis-cluster-0",0.739672305847954
1786137275,"redis-cluster-0",0.6239774214660474
1786137280,"redis-cluster-0",0.6239774214660474
1786137285,"redis-cluster-0",0.4965191297823225
1786137290,"redis-cluster-0",0.4965191297823225
1786137295,"redis-cluster-0",0.4965191297823225
1786137300,"redis-cluster-0",0.3449933374565982
1786137305,"redis-cluster-0",0.3474175138219976
1786137310,"redis-cluster-0",0.23354337665972683
1786137315,"redis-cluster-0",0.23354337665972683
1786137320,"redis-cluster-0",0.2239302866330907
1786137325,"redis-cluster-0",0.2239302866330907
1786137330,"redis-cluster-0",0.2239302866330907
1786137335,"redis-cluster-0",0.21145876761448873
1786137340,"redis-cluster-0",0.21145876761448873
1786137345,"redis-cluster-0",0.17513667326727164
1786137350,"redis-cluster-0",0.21033683758844474
1786137355,"redis-cluster-0",0.21033683758844474
1786136475,"redis-cluster-1",0.1801793070025894
1786136480,"redis-cluster-1",0.18459657252122877
1786136485,"redis-cluster-1",0.1876891857614192
1786136490,"redis-cluster-1",0.1876891857614192
1786136495,"redis-cluster-1",0.18271542892483372
1786136500,"redis-cluster-1",0.18331342927072786
1786136505,"redis-cluster-1",0.18331342927072786
1786136510,"redis-cluster-1",0.15180948883864268
1786136515,"redis-cluster-1",0.1824893950395639
1786136520,"redis-cluster-1",0.17677884478395145
1786136525,"redis-cluster-1",0.17677884478395145
1786136530,"redis-cluster-1",0.1769977769978267
1786136535,"redis-cluster-1",0.1769977769978267
1786136540,"redis-cluster-1",0.17938279711113983
1786136545,"redis-cluster-1",0.17938279711113983
1786136550,"redis-cluster-1",0.17702697756139443
1786136555,"redis-cluster-1",0.17492318006572136
1786136560,"redis-cluster-1",0.17492318006572136
1786136565,"redis-cluster-1",0.17492318006572136
1786136570,"redis-cluster-1",0.178335377732773
1786136575,"redis-cluster-1",0.1786913649449554
1786136580,"redis-cluster-1",0.1786913649449554
1786136585,"redis-cluster-1",0.17717945656440956
1786136590,"redis-cluster-1",0.17937105951120724
1786136595,"redis-cluster-1",0.17937105951120724
1786136600,"redis-cluster-1",0.17728179168600208
1786136605,"redis-cluster-1",0.17728179168600208
1786136610,"redis-cluster-1",0.1728886018332739
1786136615,"redis-cluster-1",0.1728886018332739
1786136620,"redis-cluster-1",0.1744380181223597
1786136625,"redis-cluster-1",0.1744380181223597
1786136630,"redis-cluster-1",0.1757191316144925
1786136635,"redis-cluster-1",0.1757191316144925
1786136640,"redis-cluster-1",0.1757191316144925
1786136645,"redis-cluster-1",0.17777853771952182
1786136650,"redis-cluster-1",0.17777853771952182
1786136655,"redis-cluster-1",0.17777853771952182
1786136660,"redis-cluster-1",0.14600995307028228
1786136665,"redis-cluster-1",0.1768204201059021
1786136670,"redis-cluster-1",0.1768204201059021
1786136675,"redis-cluster-1",0.15178313978674
1786136680,"redis-cluster-1",0.17822837487811113
1786136685,"redis-cluster-1",0.17822837487811113
1786136690,"redis-cluster-1",0.1783077416162307
1786136695,"redis-cluster-1",0.1783077416162307
1786136700,"redis-cluster-1",0.17474408521077173
1786136705,"redis-cluster-1",0.17478248627355303
1786136710,"redis-cluster-1",0.17478248627355303
1786136715,"redis-cluster-1",0.1747936304048066
1786136720,"redis-cluster-1",0.17139537457091827
1786136725,"redis-cluster-1",0.17139537457091827
1786136730,"redis-cluster-1",0.17139537457091825
1786136735,"redis-cluster-1",0.1776192380398133
1786136740,"redis-cluster-1",0.18247272126098404
1786136745,"redis-cluster-1",0.18247272126098404
1786136750,"redis-cluster-1",0.269835895801809
1786136755,"redis-cluster-1",0.269835895801809
1786136760,"redis-cluster-1",0.3203306087594734
1786136765,"redis-cluster-1",0.4498034706251659
1786136770,"redis-cluster-1",0.449803470625166
1786136775,"redis-cluster-1",0.5257871302048875
1786136780,"redis-cluster-1",0.6561850888108635
1786136785,"redis-cluster-1",0.6561850888108635
1786136790,"redis-cluster-1",0.67281874966234
1786136795,"redis-cluster-1",0.7314005716617868
1786136800,"redis-cluster-1",0.7314005716617868
1786136805,"redis-cluster-1",0.7455147799654548
1786136810,"redis-cluster-1",0.7501780913206562
1786136815,"redis-cluster-1",0.7501780913206562
1786136820,"redis-cluster-1",0.7346273514055238
1786136825,"redis-cluster-1",0.7377798530387376
1786136830,"redis-cluster-1",0.7311051489896389
1786136835,"redis-cluster-1",0.7311051489896389
1786136840,"redis-cluster-1",0.72933051752611
1786136845,"redis-cluster-1",0.7266762147252238
1786136850,"redis-cluster-1",0.7038026747413033
1786136855,"redis-cluster-1",0.7038026747413033
1786136860,"redis-cluster-1",0.5867250997980876
1786136865,"redis-cluster-1",0.7287680645923373
1786136870,"redis-cluster-1",0.7287680645923373
1786136875,"redis-cluster-1",0.7300156834359185
1786136880,"redis-cluster-1",0.735619584055461
1786136885,"redis-cluster-1",0.735619584055461
1786136890,"redis-cluster-1",0.7436298701300634
1786136895,"redis-cluster-1",0.7445542962785466
1786136900,"redis-cluster-1",0.7445542962785466
1786136905,"redis-cluster-1",0.6163487033719445
1786136910,"redis-cluster-1",0.6279474772339129
1786136915,"redis-cluster-1",0.745268125626485
1786136920,"redis-cluster-1",0.745268125626485
1786136925,"redis-cluster-1",0.7484684635230657
1786136930,"redis-cluster-1",0.7401739452257634
1786136935,"redis-cluster-1",0.7369939559813155
1786136940,"redis-cluster-1",0.7369939559813155
1786136945,"redis-cluster-1",0.7330686075553796
1786136950,"redis-cluster-1",0.7330686075553795
1786136955,"redis-cluster-1",0.7237491858605705
1786136960,"redis-cluster-1",0.727495810918116
1786136965,"redis-cluster-1",0.727495810918116
1786136970,"redis-cluster-1",0.727495810918116
1786136975,"redis-cluster-1",0.7296440962751768
1786136980,"redis-cluster-1",0.7296440962751768
1786136985,"redis-cluster-1",0.7296440962751768
1786136990,"redis-cluster-1",0.7355997725981074
1786136995,"redis-cluster-1",0.7355997725981074
1786137000,"redis-cluster-1",0.7355997725981074
1786137005,"redis-cluster-1",0.7345896224958501
1786137010,"redis-cluster-1",0.742318298009278
1786137015,"redis-cluster-1",0.742318298009278
1786137020,"redis-cluster-1",0.7501803455038163
1786137025,"redis-cluster-1",0.6075022952918696
1786137030,"redis-cluster-1",0.7505730911654566
1786137035,"redis-cluster-1",0.7538440589339853
1786137040,"redis-cluster-1",0.7538440589339853
1786137045,"redis-cluster-1",0.7521920227264428
1786137050,"redis-cluster-1",0.7499023325291658
1786137055,"redis-cluster-1",0.7499023325291658
1786137060,"redis-cluster-1",0.7528205031779154
1786137065,"redis-cluster-1",0.7528205031779154
1786137070,"redis-cluster-1",0.7537467776825322
1786137075,"redis-cluster-1",0.7537467776825322
1786137080,"redis-cluster-1",0.7485112838990493
1786137085,"redis-cluster-1",0.7485112838990493
1786137090,"redis-cluster-1",0.7486198495352642
1786137095,"redis-cluster-1",0.7549595221251455
1786137100,"redis-cluster-1",0.7549595221251455
1786137105,"redis-cluster-1",0.755228816192417
1786137110,"redis-cluster-1",0.755228816192417
1786137115,"redis-cluster-1",0.755228816192417
1786137120,"redis-cluster-1",0.499957500000221
1786137125,"redis-cluster-1",0.7590748858862442
1786137130,"redis-cluster-1",0.7590748858862442
1786137135,"redis-cluster-1",0.7590748858862442
1786137140,"redis-cluster-1",0.7467858857967958
1786137145,"redis-cluster-1",0.7467858857967958
1786137150,"redis-cluster-1",0.7467858857967958
1786137155,"redis-cluster-1",0.7427784061696666
1786137160,"redis-cluster-1",0.7427784061696666
1786137165,"redis-cluster-1",0.6227185641092743
1786137170,"redis-cluster-1",0.7393019110577567
1786137175,"redis-cluster-1",0.7393019110577567
1786137180,"redis-cluster-1",0.7393019110577567
1786137185,"redis-cluster-1",0.6094537366233156
1786137190,"redis-cluster-1",0.7461883049355283
1786137195,"redis-cluster-1",0.7461883049355283
1786137200,"redis-cluster-1",0.7421540150492049
1786137205,"redis-cluster-1",0.7421540150492049
1786137210,"redis-cluster-1",0.7421540150492049
1786137215,"redis-cluster-1",0.7410901291164927
1786137220,"redis-cluster-1",0.7410901291164927
1786137225,"redis-cluster-1",0.740725750657306
1786137230,"redis-cluster-1",0.6297088551013185
1786137235,"redis-cluster-1",0.735133062351356
1786137240,"redis-cluster-1",0.7320854566836736
1786137245,"redis-cluster-1",0.7320854566836736
1786137250,"redis-cluster-1",0.7327547718779316
1786137255,"redis-cluster-1",0.7427232318887571
1786137260,"redis-cluster-1",0.6508723991132159
1786137265,"redis-cluster-1",0.7457101601470254
1786137270,"redis-cluster-1",0.6523622480819005
1786137275,"redis-cluster-1",0.6322478516508592
1786137280,"redis-cluster-1",0.6322478516508592
1786137285,"redis-cluster-1",0.49350137673215955
1786137290,"redis-cluster-1",0.49350137673215955
1786137295,"redis-cluster-1",0.49350137673215955
1786137300,"redis-cluster-1",0.28582589753245624
1786137305,"redis-cluster-1",0.28582589753245624
1786137310,"redis-cluster-1",0.28582589753245624
1786137315,"redis-cluster-1",0.20249159533628983
1786137320,"redis-cluster-1",0.20249159533628983
1786137325,"redis-cluster-1",0.20227969778573918
1786137330,"redis-cluster-1",0.19782820176065732
1786137335,"redis-cluster-1",0.19782820176065732
1786137340,"redis-cluster-1",0.16085411085159051
1786137345,"redis-cluster-1",0.19318667288681066
1786137350,"redis-cluster-1",0.19318667288681066
1786137355,"redis-cluster-1",0.19318667288681066
1786136475,"redis-cluster-2",0.20072463768108273
1786136480,"redis-cluster-2",0.16639068840573354
1786136485,"redis-cluster-2",0.1979859820974481
1786136490,"redis-cluster-2",0.19798598209744808
1786136495,"redis-cluster-2",0.19619303750183756
1786136500,"redis-cluster-2",0.1959792504322469
1786136505,"redis-cluster-2",0.1959792504322469
1786136510,"redis-cluster-2",0.19479623824451228
1786136515,"redis-cluster-2",0.16197226044931928
1786136520,"redis-cluster-2",0.19493515332555236
1786136525,"redis-cluster-2",0.19530867835571286
1786136530,"redis-cluster-2",0.19530867835571286
1786136535,"redis-cluster-2",0.19620181862076763
1786136540,"redis-cluster-2",0.19620181862076758
1786136545,"redis-cluster-2",0.19649721369276205
1786136550,"redis-cluster-2",0.1981699051062724
1786136555,"redis-cluster-2",0.1981699051062724
1786136560,"redis-cluster-2",4.206278551066809
1786136565,"redis-cluster-2",4.963079196945483
1786136570,"redis-cluster-2",7.854770023637041
1786136575,"redis-cluster-2",7.854770023637041
1786136580,"redis-cluster-2",13.014612966012995
1786136585,"redis-cluster-2",13.014612966012995
1786136590,"redis-cluster-2",13.014612966012995
1786136595,"redis-cluster-2",18.27198650466575
1786136600,"redis-cluster-2",18.27198650466575
1786136605,"redis-cluster-2",16.105804437899078
1786136610,"redis-cluster-2",18.72989617324238
1786136615,"redis-cluster-2",18.72989617324238
1786136620,"redis-cluster-2",18.791718505032133
1786136625,"redis-cluster-2",18.660646895374455
1786136630,"redis-cluster-2",18.602751919548826
1786136635,"redis-cluster-2",18.361943859270053
1786136640,"redis-cluster-2",18.35277612224952
1786136645,"redis-cluster-2",18.35277612224952
1786136650,"redis-cluster-2",18.334569909175688
1786136655,"redis-cluster-2",18.052115728723102
1786136660,"redis-cluster-2",18.052115728723102
1786136665,"redis-cluster-2",18.30095142714064
1786136670,"redis-cluster-2",18.29156288329071
1786136675,"redis-cluster-2",18.29156288329071
1786136680,"redis-cluster-2",18.29156288329071
1786136685,"redis-cluster-2",18.460793815848774
1786136690,"redis-cluster-2",18.460793815848774
1786136695,"redis-cluster-2",18.523003010865143
1786136700,"redis-cluster-2",18.523003010865143
1786136705,"redis-cluster-2",18.438094662081593
1786136710,"redis-cluster-2",18.252075186073107
1786136715,"redis-cluster-2",18.252075186073107
1786136720,"redis-cluster-2",18.274766865733472
1786136725,"redis-cluster-2",14.741779487167783
1786136730,"redis-cluster-2",18.301023550724523
1786136735,"redis-cluster-2",18.301023550724526
1786136740,"redis-cluster-2",18.29206637082768
1786136745,"redis-cluster-2",14.769765848156736
1786136750,"redis-cluster-2",18.303576315461918
1786136755,"redis-cluster-2",18.701892938897576
1786136760,"redis-cluster-2",18.701892938897576
1786136765,"redis-cluster-2",18.853326455324318
1786136770,"redis-cluster-2",19.134560451839693
1786136775,"redis-cluster-2",19.134560451839693
1786136780,"redis-cluster-2",19.66091901281502
1786136785,"redis-cluster-2",19.296718457300347
1786136790,"redis-cluster-2",19.296718457300347
1786136795,"redis-cluster-2",19.296718457300347
1786136800,"redis-cluster-2",12.839466251893192
1786136805,"redis-cluster-2",12.839466251893192
1786136810,"redis-cluster-2",12.839466251893192
1786136815,"redis-cluster-2",9.124554968855957
1786136820,"redis-cluster-2",5.928682580746463
1786136825,"redis-cluster-2",5.928682580746463
1786136830,"redis-cluster-2",0.7341619633457905
1786136835,"redis-cluster-2",0.7341619633457905
1786136840,"redis-cluster-2",0.7341619633457905
1786136845,"redis-cluster-2",0.7153854601360544
1786136850,"redis-cluster-2",0.7153854601360544
1786136855,"redis-cluster-2",0.7153854601360544
1786136860,"redis-cluster-2",0.58654977858968
1786136865,"redis-cluster-2",0.7338471760794771
1786136870,"redis-cluster-2",0.6385673125874471
1786136875,"redis-cluster-2",0.7365025745899363
1786136880,"redis-cluster-2",0.7426832343702641
1786136885,"redis-cluster-2",0.7426832343702641
1786136890,"redis-cluster-2",0.6341731757354035
1786136895,"redis-cluster-2",0.7466228467814836
1786136900,"redis-cluster-2",0.7466228467814836
1786136905,"redis-cluster-2",0.737243314485159
1786136910,"redis-cluster-2",0.737243314485159
1786136915,"redis-cluster-2",0.737243314485159
1786136920,"redis-cluster-2",0.7390209512899905
1786136925,"redis-cluster-2",0.7390209512899905
1786136930,"redis-cluster-2",0.7390209512899905
1786136935,"redis-cluster-2",0.6024664197389634
1786136940,"redis-cluster-2",0.7446360593751672
1786136945,"redis-cluster-2",0.7446360593751672
1786136950,"redis-cluster-2",0.7454146975000532
1786136955,"redis-cluster-2",0.7464499515802452
1786136960,"redis-cluster-2",0.7464499515802452
1786136965,"redis-cluster-2",0.7299180143249889
1786136970,"redis-cluster-2",0.7299180143249889
1786136975,"redis-cluster-2",0.7299180143249889
1786136980,"redis-cluster-2",0.7350312138728466
1786136985,"redis-cluster-2",0.7350312138728466
1786136990,"redis-cluster-2",0.7374322008444104
1786136995,"redis-cluster-2",0.7334482929731526
1786137000,"redis-cluster-2",0.7334482929731526
1786137005,"redis-cluster-2",0.6165651580624033
1786137010,"redis-cluster-2",0.7481247833622546
1786137015,"redis-cluster-2",0.7481247833622546
1786137020,"redis-cluster-2",0.7547660736797821
1786137025,"redis-cluster-2",0.7525856851449129
1786137030,"redis-cluster-2",0.7525856851449129
1786137035,"redis-cluster-2",0.7528482105845398
1786137040,"redis-cluster-2",0.7551375014032701
1786137045,"redis-cluster-2",0.7551375014032701
1786137050,"redis-cluster-2",0.6500250761048891
1786137055,"redis-cluster-2",0.7664611736811318
1786137060,"redis-cluster-2",0.7664611736811318
1786137065,"redis-cluster-2",0.7590289371173843
1786137070,"redis-cluster-2",0.7537980626102071
1786137075,"redis-cluster-2",0.7537980626102071
1786137080,"redis-cluster-2",0.7567194150386649
1786137085,"redis-cluster-2",0.7567194150386649
1786137090,"redis-cluster-2",0.7567194150386649
1786137095,"redis-cluster-2",0.7505363760482299
1786137100,"redis-cluster-2",0.7594532529254082
1786137105,"redis-cluster-2",0.7594532529254082
1786137110,"redis-cluster-2",0.7686609686610337
1786137115,"redis-cluster-2",0.7676781058121837
1786137120,"redis-cluster-2",0.7676781058121837
1786137125,"redis-cluster-2",0.7648341503087925
1786137130,"redis-cluster-2",0.7648341503087925
1786137135,"redis-cluster-2",0.7648341503087925
1786137140,"redis-cluster-2",0.49626749999987396
1786137145,"redis-cluster-2",0.7656559271046107
1786137150,"redis-cluster-2",0.7656559271046107
1786137155,"redis-cluster-2",0.7656559271046107
1786137160,"redis-cluster-2",0.7659055856290249
1786137165,"redis-cluster-2",0.7630962491852459
1786137170,"redis-cluster-2",0.7630962491852459
1786137175,"redis-cluster-2",0.7648720230088892
1786137180,"redis-cluster-2",0.7648720230088892
1786137185,"redis-cluster-2",0.6009853401701647
1786137190,"redis-cluster-2",0.7591287226188378
1786137195,"redis-cluster-2",0.7591287226188378
1786137200,"redis-cluster-2",0.7564906329804929
1786137205,"redis-cluster-2",0.6145895758360658
1786137210,"redis-cluster-2",0.7581437406505911
1786137215,"redis-cluster-2",0.7581437406505911
1786137220,"redis-cluster-2",0.6598456662768629
1786137225,"redis-cluster-2",0.758049372090457
1786137230,"redis-cluster-2",0.758049372090457
1786137235,"redis-cluster-2",0.756622533483274
1786137240,"redis-cluster-2",0.7519304263528827
1786137245,"redis-cluster-2",0.7532926886023648
1786137250,"redis-cluster-2",0.7573622586980238
1786137255,"redis-cluster-2",0.7573622586980238
1786137260,"redis-cluster-2",0.7494997189431462
1786137265,"redis-cluster-2",0.7494997189431462
1786137270,"redis-cluster-2",0.6458896478252463
1786137275,"redis-cluster-2",0.6137908005675505
1786137280,"redis-cluster-2",0.6137908005675505
1786137285,"redis-cluster-2",0.41507111111109724
1786137290,"redis-cluster-2",0.44280496746408093
1786137295,"redis-cluster-2",0.44847755793370003
1786137300,"redis-cluster-2",0.36120824379760236
1786137305,"redis-cluster-2",0.36120824379760236
1786137310,"redis-cluster-2",0.18964422629979188
1786137315,"redis-cluster-2",0.2594730338421803
1786137320,"redis-cluster-2",0.2728266841072513
1786137325,"redis-cluster-2",0.2728266841072513
1786137330,"redis-cluster-2",0.2551365218984841
1786137335,"redis-cluster-2",0.2582373031959665
1786137340,"redis-cluster-2",0.2481107260656176
1786137345,"redis-cluster-2",0.2481107260656176
1786137350,"redis-cluster-2",0.2481107260656176
1786137355,"redis-cluster-2",0.186638328222525
1786136475,"redis-cluster-6",0.21728770369050954
1786136480,"redis-cluster-6",0.21728770369050954
1786136485,"redis-cluster-6",0.21417683265546428
1786136490,"redis-cluster-6",0.21417683265546428
1786136495,"redis-cluster-6",0.21417683265546428
1786136500,"redis-cluster-6",0.1779359620057498
1786136505,"redis-cluster-6",0.21289228360647916
1786136510,"redis-cluster-6",0.21289228360647916
1786136515,"redis-cluster-6",0.18117547292129502
1786136520,"redis-cluster-6",0.21443741194758342
1786136525,"redis-cluster-6",0.21443741194758342
1786136530,"redis-cluster-6",0.21159648620273525
1786136535,"redis-cluster-6",0.21159648620273525
1786136540,"redis-cluster-6",0.21159648620273525
1786136545,"redis-cluster-6",0.16993805392677344
1786136550,"redis-cluster-6",0.21783978747760618
1786136555,"redis-cluster-6",0.21783978747760618
1786136560,"redis-cluster-6",0.18397915089222525
1786136565,"redis-cluster-6",0.21573751020732912
1786136570,"redis-cluster-6",0.21573751020732912
1786136575,"redis-cluster-6",0.21710817578124386
1786136580,"redis-cluster-6",0.21846184819815556
1786136585,"redis-cluster-6",0.21846184819815556
1786136590,"redis-cluster-6",0.21121490950824154
1786136595,"redis-cluster-6",0.21121490950824154
1786136600,"redis-cluster-6",0.21121490950824154
1786136605,"redis-cluster-6",0.2103783589468466
1786136610,"redis-cluster-6",0.21147143809738242
1786136615,"redis-cluster-6",0.21193836503709185
1786136620,"redis-cluster-6",0.20894989423880234
1786136625,"redis-cluster-6",0.20894989423880234
1786136630,"redis-cluster-6",0.20960786808940013
1786136635,"redis-cluster-6",0.21109664736178696
1786136640,"redis-cluster-6",0.21457665625375577
1786136645,"redis-cluster-6",0.21457665625375577
1786136650,"redis-cluster-6",0.21705064056733778
1786136655,"redis-cluster-6",0.21313005484784797
1786136660,"redis-cluster-6",0.21313005484784792
1786136665,"redis-cluster-6",0.21301269105135348
1786136670,"redis-cluster-6",0.21491877007800783
1786136675,"redis-cluster-6",0.21560262461156365
1786136680,"redis-cluster-6",0.21560262461156365
1786136685,"redis-cluster-6",0.21560262461156365
1786136690,"redis-cluster-6",0.21079330277044245
1786136695,"redis-cluster-6",0.21079330277044245
1786136700,"redis-cluster-6",0.21390457584169054
1786136705,"redis-cluster-6",0.21390457584169054
1786136710,"redis-cluster-6",0.20908384489854878
1786136715,"redis-cluster-6",0.2047644712729022
1786136720,"redis-cluster-6",0.2047644712729022
1786136725,"redis-cluster-6",0.20989944134074046
1786136730,"redis-cluster-6",0.21039111841181182
1786136735,"redis-cluster-6",0.21039111841181182
1786136740,"redis-cluster-6",0.2540367659770676
1786136745,"redis-cluster-6",0.2540367659770676
1786136750,"redis-cluster-6",0.28400815787896366
1786136755,"redis-cluster-6",0.4533631488774693
1786136760,"redis-cluster-6",0.4533631488774693
1786136765,"redis-cluster-6",0.4533631488774693
1786136770,"redis-cluster-6",0.7296424551987212
1786136775,"redis-cluster-6",0.7296424551987212
1786136780,"redis-cluster-6",0.7296424551987212
1786136785,"redis-cluster-6",0.9477897738848445
1786136790,"redis-cluster-6",2.5063038921186247
1786136795,"redis-cluster-6",2.5063038921186247
1786136800,"redis-cluster-6",3.030344370097064
1786136805,"redis-cluster-6",8.261715094562186
1786136810,"redis-cluster-6",8.261715094562186
1786136815,"redis-cluster-6",13.903812176136377
1786136820,"redis-cluster-6",13.903812176136377
1786136825,"redis-cluster-6",13.903812176136377
1786136830,"redis-cluster-6",13.025657500000138
1786136835,"redis-cluster-6",19.213761002404535
1786136840,"redis-cluster-6",19.213761002404528
1786136845,"redis-cluster-6",19.213761002404528
1786136850,"redis-cluster-6",19.158502723669564
1786136855,"redis-cluster-6",19.158502723669564
1786136860,"redis-cluster-6",19.158502723669564
1786136865,"redis-cluster-6",19.10597966429937
1786136870,"redis-cluster-6",19.10597966429937
1786136875,"redis-cluster-6",16.091640708238728
1786136880,"redis-cluster-6",19.03372603930273
1786136885,"redis-cluster-6",19.03372603930273
1786136890,"redis-cluster-6",15.7039871545716
1786136895,"redis-cluster-6",18.93742284130333
1786136900,"redis-cluster-6",18.93742284130333
1786136905,"redis-cluster-6",18.93742284130333
1786136910,"redis-cluster-6",18.85647591335277
1786136915,"redis-cluster-6",18.85647591335277
1786136920,"redis-cluster-6",18.85647591335277
1786136925,"redis-cluster-6",18.99818188821695
1786136930,"redis-cluster-6",18.99818188821695
1786136935,"redis-cluster-6",18.960297797411382
1786136940,"redis-cluster-6",19.15419516593739
1786136945,"redis-cluster-6",19.15419516593739
1786136950,"redis-cluster-6",19.15419516593739
1786136955,"redis-cluster-6",19.453085732832577
1786136960,"redis-cluster-6",19.453085732832577
1786136965,"redis-cluster-6",19.453085732832577
1786136970,"redis-cluster-6",19.46909849629464
1786136975,"redis-cluster-6",19.46909849629464
1786136980,"redis-cluster-6",19.60938886424132
1786136985,"redis-cluster-6",19.601717156934367
1786136990,"redis-cluster-6",19.526167578462367
1786136995,"redis-cluster-6",19.526167578462367
1786137000,"redis-cluster-6",19.537477172273242
1786137005,"redis-cluster-6",16.61081736263663
1786137010,"redis-cluster-6",19.51416996759091
1786137015,"redis-cluster-6",19.5913872930454
1786137020,"redis-cluster-6",19.5913872930454
1786137025,"redis-cluster-6",19.611347876967283
1786137030,"redis-cluster-6",19.481473224238798
1786137035,"redis-cluster-6",19.481473224238798
1786137040,"redis-cluster-6",19.558536007346778
1786137045,"redis-cluster-6",19.55016928046088
1786137050,"redis-cluster-6",19.59535333115342
1786137055,"redis-cluster-6",19.59535333115342
1786137060,"redis-cluster-6",19.645371466268347
1786137065,"redis-cluster-6",19.645371466268347
1786137070,"redis-cluster-6",19.63751934494494
1786137075,"redis-cluster-6",19.63751934494494
1786137080,"redis-cluster-6",19.700725091585447
1786137085,"redis-cluster-6",19.784551732009202
1786137090,"redis-cluster-6",19.784551732009202
1786137095,"redis-cluster-6",19.664225223163044
1786137100,"redis-cluster-6",19.664225223163044
1786137105,"redis-cluster-6",19.62527081040361
1786137110,"redis-cluster-6",19.62527081040361
1786137115,"redis-cluster-6",19.754186318530014
1786137120,"redis-cluster-6",19.71710724443712
1786137125,"redis-cluster-6",19.71710724443712
1786137130,"redis-cluster-6",19.71710724443712
1786137135,"redis-cluster-6",19.68020417871123
1786137140,"redis-cluster-6",19.800783345852587
1786137145,"redis-cluster-6",19.800783345852587
1786137150,"redis-cluster-6",18.806974910394217
1786137155,"redis-cluster-6",18.218673633440257
1786137160,"redis-cluster-6",18.218673633440257
1786137165,"redis-cluster-6",18.218673633440257
1786137170,"redis-cluster-6",12.199989525505327
1786137175,"redis-cluster-6",8.581148989242893
1786137180,"redis-cluster-6",8.581148989242893
1786137185,"redis-cluster-6",6.864669513030212
1786137190,"redis-cluster-6",6.864669513030212
1786137195,"redis-cluster-6",0.9502478189688899
1786137200,"redis-cluster-6",0.9502478189688899
1786137205,"redis-cluster-6",0.9502478189688899
1786137210,"redis-cluster-6",0.7538334544914793
1786137215,"redis-cluster-6",0.9555938167650829
1786137220,"redis-cluster-6",0.9555938167650829
1786137225,"redis-cluster-6",0.9584428518424748
1786137230,"redis-cluster-6",0.960932544142281
1786137235,"redis-cluster-6",0.960932544142281
1786137240,"redis-cluster-6",0.9544610849270768
1786137245,"redis-cluster-6",0.9544271460934016
1786137250,"redis-cluster-6",0.9544271460934016
1786137255,"redis-cluster-6",0.7447416373025235
1786137260,"redis-cluster-6",0.9499218817811402
1786137265,"redis-cluster-6",0.9499218817811402
1786137270,"redis-cluster-6",0.9438430467397457
1786137275,"redis-cluster-6",0.7629782853221515
1786137280,"redis-cluster-6",0.7629782853221515
1786137285,"redis-cluster-6",0.6938200900350615
1786137290,"redis-cluster-6",0.5765614663191074
1786137295,"redis-cluster-6",0.5765614663191074
1786137300,"redis-cluster-6",0.3113552947573631
1786137305,"redis-cluster-6",0.3113552947573631
1786137310,"redis-cluster-6",0.3113552947573631
1786137315,"redis-cluster-6",0.2950610040208957
1786137320,"redis-cluster-6",0.24383623051241768
1786137325,"redis-cluster-6",0.27293092719354217
1786137330,"redis-cluster-6",0.27293092719354217
1786137335,"redis-cluster-6",0.2781427164569149
1786137340,"redis-cluster-6",0.2619307372751829
1786137345,"redis-cluster-6",0.2619307372751829
1786137350,"redis-cluster-6",0.27273076725935297
1786137355,"redis-cluster-6",0.22651047806353866
1786137285,"redis-cluster-8",0.15863715534085976
1786137290,"redis-cluster-8",0.18932312653784922
1786137295,"redis-cluster-8",0.22000909773483868
1786137300,"redis-cluster-8",0.20682748122270744
1786137305,"redis-cluster-8",0.2312001158660844
1786137310,"redis-cluster-8",0.2555727505094614
1786137315,"redis-cluster-8",0.2590033725321272
1786137320,"redis-cluster-8",0.2672108550506138
1786137325,"redis-cluster-8",0.25443116028913026
1786137330,"redis-cluster-8",0.2019595575354122
1786137335,"redis-cluster-8",0.2019595575354122
1786137340,"redis-cluster-8",0.20077300046232086
1786137345,"redis-cluster-8",0.1717069869823295
1786137350,"redis-cluster-8",0.19907992345801986
1786137355,"redis-cluster-8",0.20009052231375032
